,cooling,0.1-mean,0.1-max,0.1-h0,0.1-h3,0.1-h6,0.1-h8,0.1-h9,0.1-h12,0.1-h15,0.1-h16,0.1-h20,0.25-mean,0.25-max,0.25-h0,0.25-h3,0.25-h6,0.25-h8,0.25-h9,0.25-h12,0.25-h15,0.25-h16,0.25-h20,0.5-mean,0.5-max,0.5-h0,0.5-h3,0.5-h6,0.5-h8,0.5-h9,0.5-h12,0.5-h15,0.5-h16,0.5-h20,0.75-mean,0.75-max,0.75-h0,0.75-h3,0.75-h6,0.75-h8,0.75-h9,0.75-h12,0.75-h15,0.75-h16,0.75-h20,0.9-mean,0.9-max,0.9-h0,0.9-h3,0.9-h6,0.9-h8,0.9-h9,0.9-h12,0.9-h15,0.9-h16,0.9-h20,Tmean,Tmax,Tmin,sun_rad_mean,wind_mean,RH_mean,actual_med_sp,scheduled_sp,mean_zone_temp,scheduled_sp_bin,med_sp_bin,electricity
2021-06-16,0.7518250468292093,69.76012003661948,70.08453457968575,70.46709369931902,70.33893878300984,69.48252515792846,69.96798440933227,70.08453457968575,69.78588605244954,69.59033009847005,69.61951527095977,69.95334665934244,70.96017454586041,71.18812172072275,71.65121363231114,71.47547954604738,70.24525955745152,70.90410648073468,71.18812172072275,70.83604784011841,70.98682693980989,70.99248587063381,71.32180786132812,72.14995578927726,72.42356304930243,73.06137493678501,72.94733204614548,71.98665135247367,72.17375019618443,72.41498231887817,72.05442939485823,72.0852268763951,72.02316066196987,73.07120844523112,73.78644710798112,74.17574069840569,74.49041981697081,74.41839742660522,73.08513240814209,73.81665137835911,73.80716950552804,73.5859454018729,73.73129258837018,73.76040247508458,74.80100011825562,74.59501651495513,75.0371895090739,75.48195652280535,75.40654515856788,73.99630775451661,74.80351713725499,74.88049951553344,74.39254977362496,74.36460670743669,74.49221320833479,75.71280122121175,70.88695652173914,92.1,50.6,305.7826086956522,3.7217391304347824,55.30434782608695,74.69237587187025,74.0,72.10536586328412,False,False,0.1658890595814634
2021-06-17,0.8604945002687918,69.80275139504009,70.02170943396432,70.46827908833822,71.36365998586018,70.12788339433216,69.85729493549891,70.02170943396432,69.76528602600098,69.57938883168357,69.99753772735596,70.02419258571805,71.56058108915413,71.98711265836442,71.92946542104085,72.12948331605821,71.22320478303092,70.98185014724731,71.25308259782337,71.43799640791757,71.72694309268678,71.91839610281446,72.02154001508441,73.06714179288774,73.5745359148298,73.78204994201661,73.61453381038848,72.11695671081543,72.13517770313081,72.47630011240642,72.93765612556821,73.32466930207752,73.38748038155691,73.84390325092133,74.5604853769944,75.40165433883666,75.07804985046387,75.16392714182535,73.50856351852417,73.82719961802164,74.15741906847272,74.33802490234376,74.68362813886705,74.88899072692507,75.80751962661742,75.5168409612633,76.22845924377441,76.25497945149739,76.0037815093994,74.3691500345866,74.67765586853027,75.05936058044433,75.38528025309245,75.68143277486166,75.83425900618235,76.73335912068684,76.15833333333333,99.9,54.3,349.4583333333333,3.4375,54.66666666666666,75.69724782307942,76.0,72.76811425698433,True,True,0.165840442037253
2021-06-18,0.7562517330430261,69.91030533412146,70.63192189080374,70.70250254494803,71.42800280707223,70.19612891333443,70.05771379652478,70.63192189080374,69.95826688766479,69.62911897659302,69.55367109298706,70.94834826333182,71.60822522526696,72.06464668682644,72.30440213566735,72.51181234632219,71.38779213769095,71.37918912796746,71.80981295449394,71.53888656071254,71.52060464450291,71.56367771966117,72.52758250917708,73.28641537976644,73.67433888571603,74.84348176320394,74.43455098470052,72.74345067342122,72.85340016682943,73.05740299224854,73.19666535513741,73.37155403409685,73.43333300635928,74.44099985758464,74.85795758186825,75.485374101003,76.34755264236814,75.87297598520915,73.95934397379557,74.40079898834229,74.61265443166099,74.62002461751302,75.02072395597186,75.11742445627848,75.88824373199826,75.96458363797929,76.18738975524903,77.27251308441161,76.65979623158773,75.02085660298664,75.50027248382568,75.82213961283367,75.92509943644205,76.13521898905435,76.18738975524903,76.52201039632162,71.84583333333333,91.0,54.2,342.9583333333333,3.391666666666667,63.333333333333336,75.85099792480469,76.0,72.94669718360574,True,True,0.16255309485795807
2021-06-19,0.2193690366548737,70.54573291861821,71.4599201474871,71.99808246612548,71.9906729561942,71.66862510953631,71.26392065502347,71.05204338346209,70.95964929035732,69.97541937146867,69.83236345291138,70.15472906657628,72.43523114200623,73.21921373776027,73.11492408797855,72.81869513647896,72.48907201630729,72.93703475452604,73.14959910937718,72.64295404297965,72.01002938406808,71.95708225795201,72.12649387405033,75.87790978050931,76.28389944803146,74.86447175343831,74.7492504119873,74.3680996576945,75.04000322705224,75.34114120818757,75.8640266418457,76.20369213195075,76.28389944803146,75.62835967654274,77.61436873236273,78.29835984820411,76.26192560195923,76.12542454401652,75.8766334851583,76.52223945572263,76.87332147381682,77.38593979790097,78.06701383590698,78.18808061735972,78.08679874283928,79.19031418293243,80.24373678570701,77.05751004536947,76.94340352376302,76.85627021789551,77.66805281956991,77.95519674119495,79.19921087900798,79.3920072555542,79.69228541510446,79.78748158772787,66.22500000000001,80.7,53.7,342.5416666666667,4.154166666666667,74.95833333333333,74.35275104310777,74.0,75.12525989952523,False,False,0.12076448247857785
2021-06-20,0.1878813470580574,70.61740894332765,71.43796949386596,71.3353999900818,71.55718601771764,71.57936491285051,70.97097013745989,71.03348214285714,71.1989633060637,69.98370307649886,69.89965099334717,70.80380068461099,72.3706670174523,73.18877611841474,72.73224657603672,72.36267001288277,72.48240157536097,72.53792803628104,72.8266520840781,72.73527612004962,71.99468609491984,71.99790621257964,72.24390691802614,75.44349183317215,75.94257525035313,74.71463200705392,74.43623794828142,74.42352583748954,74.39932073865619,74.74678530011857,75.33130352837699,75.77832478568666,75.79161398751395,75.2198042914981,78.21717672745386,78.90824062483651,77.65096483911786,76.9607274827503,76.63381161008563,76.7328121321542,77.60428585324969,78.15440835271562,78.47533395403907,78.58070652825492,78.65391414506095,79.62646428221748,80.81120222454979,78.76611288615636,78.41671733311244,78.26272909981864,78.28629745755876,78.61100007465907,79.3644480569022,79.88027434757778,80.09664271218436,80.34041921070644,64.83749999999999,74.1,54.8,336.375,4.133333333333334,78.83333333333333,74.14449988471138,74.0,75.15882777558865,False,False,0.11918648010605842
2021-06-21,0.505456101322558,69.78777110942264,70.02301956176758,70.56094996134439,71.29449551900228,70.41240072613671,69.55266897138658,69.85636942545572,70.0098981221517,69.84946947733562,69.68897216796876,69.69130395253501,71.40170756654133,71.62675827571323,72.32210496493748,72.1171993414561,71.43276158060345,70.8578005472819,71.036771492731,71.59985062281291,71.50415850366866,71.50157124201456,71.87060063680013,72.54597350264352,72.83675117492675,74.5994107382638,73.15273080553327,72.3004451797122,72.01521251769293,72.06190102895101,72.516499710083,72.73520056406656,72.70705401102701,73.16674963633218,74.23956453232539,74.79928265299117,77.67210742405483,74.71869213240487,73.28116792270116,72.90708817754472,73.67577638626099,74.34283079419818,74.3774804864611,74.55004596710205,75.083805395308,75.28582047031038,75.66598393031529,79.72551464080811,75.69081348419189,74.52841265542168,73.9099675714402,75.18222649438042,75.24300718307495,75.44021691095261,75.45680063792636,75.97236020224435,66.49583333333332,78.9,59.8,338.7916666666667,5.325,71.79166666666667,75.78350257873535,76.0,72.48430000099597,True,True,0.16655287135601066
2021-06-22,0.442583159253176,69.6928131074754,70.14796264648436,70.26887100219727,70.71851467405047,70.26183309555054,69.97278419494629,69.98521989186605,69.89327053070069,69.52668093726749,69.4087083307902,69.37927961985271,71.20727833509444,71.51369693619864,71.87060028711954,71.90051991144816,71.26706994374594,70.98544985453287,71.18732255072821,71.38752524058025,71.2256294886271,71.16037618319194,71.55785061518351,72.34054223923455,72.60874964396159,73.54303541637603,73.05391654968261,72.21719074249268,72.07054971059164,72.06709887186686,72.18814900716146,72.60874964396159,72.57964916229247,72.6994995435079,74.0932553643272,74.44883687155587,75.24138488088336,74.65402644475301,73.45527528127035,73.60844655263992,73.80495425633022,74.0301862126305,74.09039627483914,74.22293645995003,74.66600669906254,75.27171093948304,75.49266034535,76.31471454075405,76.14848637717111,74.79529369354249,75.0419674428304,75.1006157875061,75.24426070622036,75.26854306720551,75.49266034535,75.54145353317261,66.66666666666667,75.9,56.9,313.6666666666667,6.7375,68.41666666666667,75.88400268554688,76.0,72.33628944602866,True,True,0.16182139452532604
2021-06-23,0.4800782731538124,69.2917053217358,69.71025299072267,70.08659033457438,70.56601064500354,70.24720991770427,69.26522094726563,69.53965574900309,69.30680028279622,69.13700012207032,69.03642915089925,69.80947267078218,70.5372689495011,70.6821655591329,71.69314963022867,71.69442361195883,71.0651749610901,70.57542594273886,70.57692422866822,70.40975023905435,70.45145076115926,70.47470026016235,71.11982877368018,71.95175271639748,72.0015500386556,73.26408917563302,72.85040136973063,71.98657144818986,71.84263146718342,71.92216555277506,71.95924854278564,71.96667753855387,71.9693000157674,72.0794943582444,73.08743065463172,73.45294971466065,74.76393677393595,74.32236064275105,73.02607170513699,72.62202507654825,73.04997561772664,73.00137548446655,72.95607560475666,72.99042533238728,73.49799807866415,74.06757576942444,74.27586496988933,75.88888601575579,75.89635965983072,74.31631202697754,73.72164019266764,74.265621287028,74.09130705515544,74.07559979756674,73.89834111531576,74.4562149556478,66.10833333333333,73.6,59.8,341.3333333333333,5.675,67.5,74.1288759443495,74.0,71.63750553701162,False,False,0.1658618096661659
2021-06-24,0.3542039231718251,69.33339280605317,69.58404664993287,70.19095416750227,70.46107850392659,69.71736090523856,69.17678334372384,69.1883906173706,69.41460049038841,69.4216281073434,69.36756368364607,69.89907526288714,70.45184138597004,70.75643137523106,71.31743721507846,71.53715073267618,70.45435638427735,70.02010821387881,70.1081421307155,70.42696998914083,70.62438419886998,70.55650539171128,71.03412516911825,71.75534082140241,71.94416613805862,72.87291800181072,72.87489282517205,71.76237381526403,71.15921421051026,71.31213897977557,71.80822531836374,71.94416613805862,71.91102679570517,71.97932871863955,72.73372701028036,73.1639100074768,74.0538443111238,74.11775156656901,72.74319304284596,72.08206730115981,72.18783054351806,72.81742086410522,72.85422449111938,72.86075061162313,73.16442429224651,73.71586701764001,74.03460332234701,74.99143283843995,75.0325399271647,73.51863917032878,73.14332120895386,73.20224150339762,73.63540532430012,73.88411009470623,73.85714167277018,74.28302003224691,64.1125,73.4,55.8,298.5833333333333,5.404166666666666,70.54166666666667,74.13800048828125,74.0,71.4771947497557,False,False,0.1639083293985992
2021-06-25,0.256525868642617,69.92822928595164,70.20639094943093,70.00171570914132,70.03268124716622,69.57549871535528,69.35955260140555,69.55576994578044,69.98842206682477,70.11181870869228,69.96504823139736,70.64724476768856,70.90379755099615,71.23281004542395,70.90617917832874,71.07489270709809,70.35623625346592,70.1400502204895,70.27703402610052,70.90489927927652,71.21420482226782,71.17852633340019,71.47970611708504,72.40087310056838,72.66915744599842,72.47311831428891,72.37856156485421,71.55625062670026,71.88226386478969,71.93659430004301,72.40801862989153,72.66915744599842,72.60687569209509,72.8195428348723,73.63124471940692,74.03084643681845,73.58404947916665,73.63936392466226,72.67670400483269,72.70774965286256,73.01179990768432,73.58159177416847,73.93100964228313,73.9440860407693,74.35328744252523,75.04299527993278,76.26680018107096,74.49790027618408,74.58247931162516,73.70134556906564,73.71269041697185,74.00012396494547,74.56741764704387,75.43687989552815,75.7661738368443,75.70541039784749,63.583333333333336,72.9,57.3,315.875,4.366666666666666,73.75,76.11537159813774,76.0,72.23641535400603,True,True,0.15949492350402417
2021-06-26,0.1478694878091397,70.48256707539635,70.93577134450277,70.32304494222005,70.19438424973261,69.97976280212403,70.02043595995222,70.23881419045584,70.61716726848057,70.40612363542829,70.33087552842639,70.68926854451497,71.95501354667876,72.20150000254313,71.4965002377828,71.24045009613037,71.1290671484811,71.33787434441703,71.73932970819018,71.98513479459854,72.02540444873628,72.0723985331399,72.03387603759765,73.62918585709163,73.94755356652396,72.71603307723998,72.76223788942609,72.58706296739123,72.9447504679362,73.33800757726033,73.51571682521275,73.81367833273751,73.86657425562541,73.59590993608748,75.64052757573506,76.37835649081639,74.37447357177734,74.30723822911581,74.28370485305786,74.63871644792103,75.26273887725104,75.41066596848626,75.77858175550188,75.84553275789534,75.90686815125602,77.05504265497602,78.41823904854911,76.03619045257568,75.75956788380941,75.65082473300752,75.73292835780552,76.16567841393606,76.73390367235456,77.07116428102766,77.27453404835293,77.55259914398194,65.70833333333333,75.0,59.6,332.2083333333333,4.225,74.41666666666667,76.11799621582031,76.0,73.66302446742007,True,True,0.12031019356305507
2021-06-27,0.1604053914268081,70.17174079872314,70.44735260009766,70.77652989705405,70.5060499572754,70.13375127156576,70.08709971110025,70.13683302561442,70.39081336975099,69.8882719930013,69.86170956929524,70.2948806254069,71.83629656632742,72.05598027365548,71.94488798777262,71.7401756922404,71.483430539994,71.37760319709778,71.56130917185828,71.99111522038778,71.79024616423106,71.94978218078613,71.94874121348062,73.62877355340927,74.07890027364095,73.14896515437535,73.00944328308105,73.01024457281761,73.00804958343505,73.07761048362369,73.7147003173828,73.72737493969144,73.8934455144973,73.63595078786214,75.87953724123183,76.52897808892386,75.14874577522278,75.04377088773818,75.01331697977506,74.9353727499644,75.00466562906901,75.62186412130083,76.20155174391611,76.29229987462361,76.36630392074585,77.66667271046411,78.92909025828044,77.4304256248474,77.28642514092581,77.02146476745605,76.82921877633957,76.86137069702148,77.28478991190593,77.6170806312561,77.89147989908855,78.4242508061727,64.76666666666667,74.6,57.5,317.4583333333333,4.054166666666666,75.83333333333333,74.13800048828125,74.0,73.83992154518236,False,False,0.12213327237641929
2021-06-28,0.4659842632526447,69.64942700227101,69.76940040588379,70.38605012439547,70.48784067789714,69.86428977966308,69.66382966995239,69.59409243265787,69.65911670684815,69.76940040588379,69.55150994618734,70.04939221700033,70.69320794627781,70.96100070362999,71.596968852906,71.64024288994926,70.6722501118978,70.42902507781983,70.55301237106323,70.60370095570883,70.8341265133449,70.68912502924601,71.1950541632516,71.95968841787369,72.01818396250407,73.09879983266194,72.93402838025774,71.86742731730143,71.77802041371663,71.96631603240967,71.92443548838298,72.01818396250407,71.99945062001547,72.34294865926107,73.05894710109347,73.27215184484209,75.67135365804036,74.86354299954006,73.40050499779838,72.93612416585287,72.93912585576375,72.97790037790935,73.12377347946166,73.10795071919759,73.61802638371785,74.05387693730611,74.341524042402,78.03188021341961,77.60399521418981,75.20137273788453,74.00700607299805,74.07350001017252,73.6064178039914,74.01499374389648,74.13073419843401,74.6072565887088,64.875,76.5,57.3,332.9166666666667,3.85,75.25,74.13800048828125,74.0,71.7211451181116,False,False,0.1660423463061616
2021-06-29,0.3998950434155917,69.93715688871958,70.15060501098633,70.18106117248534,70.11217947642008,69.80803552809216,69.9533420054118,69.84748976389567,69.83861078898111,69.79511047363282,70.05128639856974,70.13033170700074,71.14518114877126,71.37916146914165,71.21000150044759,71.24367478688558,70.58849062238421,70.77992325056168,70.8919246037801,71.1190260887146,71.20280036926269,71.37916146914165,71.6160443850926,72.36223170870826,72.68661154792423,72.78905016581217,72.45664958953859,71.60165951138451,72.03683230082194,72.00054092407227,72.28535035451253,72.58007605416434,72.55071403866722,72.87569705418179,73.67753429053322,74.02086701166063,74.36670532226563,73.83079891204834,72.74013668241955,73.26215095520021,73.26282517115274,73.61705096562704,73.68326991626193,73.88539991378784,74.47925093968709,74.76310315661961,75.09164058685303,75.29931927998861,74.90174044291179,73.87496111733573,74.33156069437662,74.5603105545044,74.64447381337483,74.65966627756755,74.87108631134033,75.39585441589355,66.23333333333333,77.8,56.5,334.0,3.966666666666667,74.95833333333333,76.01000213623047,76.0,72.20769959327707,True,True,0.16255649387184837
2021-06-30,0.3969926440110964,70.00214871323298,70.25420751571656,70.42138494764055,70.59310714721678,69.8978750038147,69.8846911239624,70.0254457728068,69.90957535334996,69.84160986582437,69.85157001495361,70.33646646227156,71.20711517428595,71.36976000922067,71.60684752464294,71.77596039317903,70.78746038845607,70.73885256903512,70.9385747273763,71.16299590383257,71.36976000922067,71.3078577177865,71.76165176573254,72.46859488638621,72.8288114956447,73.09207282747542,72.95912538255965,72.00092955998012,71.91775449571156,72.07940722874233,72.39330444335938,72.8288114956447,72.72819993609474,72.7107500076294,73.79223379199466,74.02753759111678,74.59380249750046,74.32797412872314,73.49953518595014,73.37552474339805,73.5303612436567,73.7479248046875,73.94683075632368,74.00292867933,74.33900009791057,74.87874770126645,75.08531110127767,75.63595656077067,75.41678000132242,74.46620014190674,74.41024976094563,74.81969092051189,74.79685963948567,74.96698954264323,74.97541447957357,75.29869238535562,66.47916666666667,77.6,55.7,329.1666666666667,4.366666666666666,72.54166666666667,76.07299868265788,76.0,72.28594263614075,True,True,0.16314382562138788
2021-07-01,0.4994807926893262,69.28918637896341,69.74368486676897,70.38464629309519,70.64855432510376,69.88871359143937,69.15685374396188,69.4726410856701,69.40287527356828,69.27560673032488,69.14168310165405,69.36700429916382,70.45537291311082,70.61649062747045,71.54107805660793,71.72859599022638,70.6635176681337,70.22696988242014,70.44621314321245,70.48545973641532,70.44644056728907,70.34498088700431,70.84813283284504,71.83400830579183,71.98764283316476,73.15378422510057,72.96230256216867,71.99470325197493,71.4050977434431,71.6786116145906,71.77906525929768,71.96445649010795,71.95813555490403,72.08970713842483,72.93075915064131,73.13839963277181,74.47522172927856,74.59029716310047,73.16326767830621,72.42110570498875,72.74656784193856,72.89399191311428,73.02807869457064,73.01502483685812,73.640256245931,73.94264391399565,74.08952006022136,75.66589427947999,75.4404354095459,74.35501928329468,73.68140029907227,73.98979986826579,73.77271959940592,73.9850944519043,73.93036643981934,74.41065537316459,66.44583333333334,77.4,59.2,330.4583333333333,5.05,71.91666666666667,74.15599822998047,74.0,71.53457556796022,False,False,0.16522575460617595
2021-07-02,0.4496601248073634,69.29130160861546,69.62434728531609,69.8947228022984,70.21391036987305,69.56510121663412,69.24870489120484,69.38348930086408,69.3819193158831,69.16321823937552,69.14552134195964,70.23474505742391,70.43263367546929,70.6102164404733,71.10049980027335,71.3100710596357,70.3086599622454,70.15502910841079,70.34894817216056,70.36306040627616,70.6102164404733,70.339102268219,71.12449986139933,71.81801871042403,71.96528514226277,72.67646416255405,72.58678558894566,71.62616391409011,71.28435811542329,71.73982150214059,71.79939222335815,71.93560444059827,71.95838712056478,72.12904008229575,72.85404980182648,73.05022518975393,73.92498625346592,73.94056303160531,72.58774968555997,72.28803384190513,72.68313363620213,72.94390910693578,72.88030333746048,72.90726689611162,73.48676480338688,73.8107955704795,74.01904009410313,74.91592847279139,74.87386057717461,73.48431020464216,73.4389901442755,73.86577745165144,73.72662523088002,73.82188133512224,73.86369829722813,74.31645637148902,65.49583333333334,76.0,55.6,331.5416666666667,4.529166666666667,73.16666666666667,74.1830005645752,74.0,71.46836809722059,False,False,0.1563597175010368
2021-07-03,0.1570229505083237,70.28298539320627,70.58769237518311,70.49198384239561,70.39856112162272,70.23533049901326,69.99846294403076,70.1466196568807,70.58769237518311,70.11546110788981,70.16867051442465,70.40225248972575,71.85915857383183,72.0390427907308,71.61634839375813,71.64782518205189,71.41697255770366,71.322708881469,71.48179527691433,71.97661780629839,71.99484361012776,71.98816294670105,71.93475035258703,73.43950405045162,73.91535686311269,72.79024950663248,72.78470077514649,72.720136092958,72.70574837185087,72.85318633942377,73.49863566444034,73.6781000773112,73.72085112162999,73.45831707091558,74.95985329794506,75.7656339577266,73.82910838354202,73.90614992777506,73.93859744526091,73.9858712832133,74.12191878046309,74.73832676524208,75.26929518154688,75.43495390982855,75.49807112330483,76.01899537109193,77.14877022425334,74.80944039753506,74.85620261510212,74.89587434768677,74.86524740854898,74.96395888373965,75.7105626841954,76.38697101048061,76.51361249287923,77.02037200655256,65.51666666666667,74.0,60.6,288.7916666666667,4.666666666666667,76.04166666666667,75.88400268554688,76.0,73.15555768634077,True,True,0.11785792615259079
2021-07-04,0.1596263816540487,70.40997721558526,70.93064606984456,70.68524060567219,70.49179951985677,70.16054011027019,70.14645718892416,70.0177996635437,70.93064606984456,70.21975971221924,70.21700056711833,70.55407984415692,72.01352683532805,72.2141855058216,71.84149910608927,71.70455137888591,71.44418862887792,71.58742674872988,71.96703182856243,72.20067405700682,72.00171788533528,72.0254537264506,72.05805835723876,73.87426273557874,74.39854971567789,73.08111476898193,72.93179848988851,72.81371443612235,73.03745110829671,73.27088291985649,73.99089171091715,74.0067720413208,74.09149894714355,73.79855028788248,75.94536919839798,76.57009967168173,75.01500756172906,74.84064313343593,74.63301533290318,74.96816832224528,75.5213646207537,75.78830045064291,76.04172490437826,76.25487467447917,76.26732428868613,77.37328197759295,78.82510934193928,76.35372642517089,76.3201219013759,76.23454971313475,76.22174658729917,76.52396522249494,77.04740014394125,77.33528090159099,77.43494038899739,78.02164375305176,65.47500000000001,75.1,58.4,338.7916666666667,4.658333333333333,73.125,75.88400268554688,76.0,73.80015479267087,True,True,0.11806265226478377
2021-07-05,0.4508000440580414,69.283539241155,69.43704268137614,70.63657974243165,70.53949897766114,70.04788640340169,69.31648939768473,69.35526029586791,69.3803005472819,69.20878390448433,69.27614044189454,69.68555652527581,70.58483352774665,70.66279018947056,71.7967401822408,71.86039991378784,71.19683733894712,70.48594942092896,70.59912586212158,70.56148567880902,70.58776567322869,70.59257852917625,70.7836241722107,71.85096671543424,71.98703848066785,73.26950054168702,73.05606619517008,72.1330465680077,71.71639976501464,71.72843258721488,71.741450881958,71.9610511779785,71.98703848066785,72.05444853192284,72.73923624318743,73.04780038197836,75.59365173975627,74.7986691792806,73.2883892695109,72.45155111948648,72.6272741953532,72.6642679532369,72.7163064616067,72.75069920676096,73.27638025283812,73.72701076295641,74.03816539764405,77.55906101226806,76.10749991099038,74.44620567412603,73.56524565378825,73.69552319844563,73.52537902832032,73.55797868092856,73.92751532236736,74.11402960459391,65.2375,75.6,59.6,318.875,4.383333333333334,74.41666666666667,74.27437363730537,74.0,71.4905801520042,False,False,0.1422160992078046
2021-07-06,0.3841127346780318,69.38422572779278,69.75407093048096,69.7840682102385,70.20962892259871,69.55519971847534,69.1562974893479,69.48869603020805,69.34261799494425,69.56479909261068,69.29552047729493,69.52930622464135,70.49702275972517,70.69387774013336,71.02544174194335,71.35430106435504,70.38925848688399,70.04225085576374,70.42356566701616,70.4807525907244,70.61142527262369,70.69387774013336,70.69504874774387,71.74477529487912,71.94488609858922,72.58789971669515,72.63857801528204,71.49990789776757,71.22639381317865,71.58114297957647,71.67457382111323,71.939214411236,71.92025057474773,71.94066827410744,72.71664340514985,72.9967042559669,73.8664246559143,74.01146539052327,72.43209787777492,72.16415191604978,72.59270226160686,72.69762500127156,72.81500002543132,72.81964111328125,73.10847593943278,73.7492805788252,73.96397059576853,74.78815996805827,74.92840975443522,73.39169124603272,73.41082842508952,73.74650001525879,73.50384232838948,73.74774317423503,73.84908064524333,74.14590373357137,65.1125,75.4,58.2,338.5,4.458333333333333,69.83333333333333,74.26399993896484,74.0,71.41570397824535,False,False,0.1639659517928596
2021-07-07,0.3194508058572423,69.42353610375068,69.64645377567837,69.6030114410037,69.37272389275688,69.15304917835053,69.24434025355748,69.56954283033099,69.45150982084728,69.36317858014787,69.32853758403233,69.48726028987339,70.49951892719066,70.63592281795682,70.82326686495827,70.7284471307482,70.05442117282323,70.23053827285767,70.39223207746232,70.45618874686105,70.62567860739571,70.55757936977206,70.63739120165508,71.79388588289929,71.95417084012712,72.13691361745198,71.99352089109874,71.2854275521778,71.38742433275496,71.63149929046631,71.69682850156511,71.93521165847778,71.87855915796189,71.8245509011405,72.77569698549816,73.01269095511664,73.39551556905111,73.40763347489494,72.16720326741537,72.37566242899214,72.6260004724775,72.75159757477897,72.8638585635594,72.81385899271284,73.0660680089678,73.72053821086593,74.05198471886771,74.38062095551264,74.30308546338762,73.17770047869001,73.43664216995239,73.65976137433732,73.7916598864964,73.6801576750619,73.74412152426584,74.02131187711443,61.3875,73.0,49.8,343.8333333333333,4.129166666666666,73.41666666666667,74.69599914550781,76.0,71.53406297524631,True,False,0.1648202383713409
2021-07-08,0.3417249258146549,69.96413761789837,70.2147796758016,69.64475005013603,69.42862235477992,69.01979091644287,69.36516550064087,69.57386125564575,70.2147796758016,70.15075271606446,70.1014409383138,70.15511049906414,71.49424633866265,71.92821137110391,70.67283374922616,70.44703541483199,70.17055414971851,70.48922866639637,70.70466133526394,71.6012742360433,71.92821137110391,71.89521719614665,71.979796232496,72.83493611471994,73.62058615911575,72.01557799748012,71.92348433449155,71.4198829650879,71.84817492167156,71.99462904248918,72.55429304667882,73.33639996846517,73.49801403227306,73.41187204179309,74.36470394531887,75.35010661397662,73.16349673271179,73.40702380679902,72.82417566435677,73.31578595297678,73.64152223042079,73.95902405920484,74.60028634752547,74.85242087273372,75.20764748936608,75.60350754654597,76.7659039906093,74.32155406951905,74.0587610863242,73.90824174880981,74.24398783820016,74.63470983505249,75.27308038257418,76.04183669771467,76.32191393715995,76.44559980392457,67.56666666666666,82.5,55.3,338.25,3.295833333333333,69.45833333333333,74.69599914550781,76.0,72.71271945866853,True,False,0.15446154505174042
2021-07-09,0.6567799701534691,69.42469671567281,69.93019428253173,70.6133456293742,70.9879997253418,70.14078426361084,69.61807879130046,69.93019428253173,69.43576839447022,69.45227652231853,69.38189395904541,70.38897963205974,70.74876634582641,70.94302178564526,71.9506028175354,71.85910905202229,71.11647835459028,70.63287441844032,70.94302178564526,70.79487365086874,70.78427394231161,70.79652605056762,71.37905063629151,71.98833720721895,72.09495480855306,73.30001204354423,73.29199911753336,71.92461146400089,71.8706686383202,71.94366048177083,72.00297101338704,72.02299607594807,72.09495480855306,72.840274365743,73.21331586970223,73.58764994939168,75.16731872558594,74.643247958592,72.96200052897136,72.88826502164204,73.1289836883545,73.1661502202352,73.2903507232666,73.36623207728067,74.09794940948487,74.06024071504199,74.22140004475911,76.5850361279079,75.68092099598476,73.9751958847046,73.76869356155396,74.21343234652565,74.05490816752115,74.07931864420573,74.2065502166748,74.69072049458822,70.41666666666667,83.6,57.1,321.0,3.3041666666666667,66.54166666666667,74.19200134277344,74.0,71.75848622684957,False,False,0.16583016628918876
2021-07-10,0.2019878716192079,70.33498582416111,71.23169026692707,71.18387060801189,70.87457005818685,70.3984093093872,70.52059961954753,70.6894471613566,71.00420773824057,69.7084131749471,69.61893707275391,70.1071396891276,72.10266597346653,72.60848742439633,71.97693557739258,71.89659175872802,71.80182237625122,71.97800680796306,72.06597503026326,72.31456095377604,71.98147907257079,71.97631371815999,72.06581004460654,74.5325707329644,75.31873137156168,73.37873166402181,73.06122309366862,73.00912888844807,73.42640037536621,73.72355105082194,74.36524969736735,74.82424996693929,74.9915152867635,74.92355028788248,76.15545127656725,76.89072507222494,74.50460033416748,74.49980014165241,74.47208871841431,75.01728610992431,75.38081254959107,76.02207533518474,76.49415477116902,76.56987466812134,76.87633558909098,77.54158983018664,78.86230918884277,75.31478234608969,75.15428005218507,75.31948809305827,75.82419061024984,76.22152938842774,77.27213829040528,77.83756999969484,78.23267019907632,78.60994965871174,67.69583333333334,80.2,56.6,328.0,3.333333333333333,70.33333333333333,74.28199768066406,74.0,74.03202387391264,False,False,0.12081646846778207
2021-07-11,0.1555320001256644,70.5640427788477,71.09257980982463,71.18733721415201,71.19075962702433,70.75438968658447,70.4596942392985,70.70754510243735,71.09257980982463,70.20150764465332,70.12857033411662,70.4166208521525,72.26658333275053,72.6169513974871,72.25332619349163,72.0393079008375,71.9728394349416,72.03162463506064,72.23135051727294,72.58175217537652,72.04220523153032,72.1715808686756,72.26914933522542,74.45802174371386,74.84164892832439,74.14694004058838,73.70747273763021,73.43995176951091,73.77011235555014,74.12046061016264,74.33990008036295,74.51368579864501,74.67820310592651,74.36184296835036,77.00386566585965,77.51777782440186,76.49871520996093,75.97917572657268,75.58130752245586,76.02113838195801,76.57194232940674,76.92756614685058,77.12427326838176,77.16605100631713,77.21027526855468,78.53848345642999,79.5788295618693,77.88497028350831,77.7105782063802,77.29867146174114,77.4065596262614,77.8513111368815,78.46475006103515,78.86842979431154,78.79625105539958,79.1108012335641,64.0625,73.0,55.2,331.4166666666667,3.65,74.875,75.7760009765625,76.0,74.4149036436309,True,True,0.11794475702930514
2021-07-12,0.3363115726244521,69.71166311362434,70.02009654726301,70.53560351871309,70.52643498284476,69.94338923590523,69.37561668850127,69.3468497467041,69.71557102839154,69.62740955352784,69.77260961532593,69.96428508304415,70.95647616991921,71.21340574537004,71.80100011825562,71.85765050252279,70.84820065952482,70.35507548650105,70.61199725241889,70.92046838487897,71.15244936943054,71.11522225652422,71.27503188224065,72.19377546953775,72.38653653008598,73.5247539701916,73.25036637442453,72.18363231477284,71.94698771522158,72.00024901798793,72.17485050019764,72.24510751451766,72.3101103964306,72.62407781055995,73.4948775876136,73.71025834764754,76.35267454783121,75.10945132800511,73.33276656468709,72.9676085131509,73.2030030409495,73.50867537089755,73.6497780595507,73.66228628385635,73.81751407668705,74.5209105459849,74.8858547973633,78.31009918212891,76.8703484072004,74.36933429263887,73.98897552490234,74.1425089990525,74.59011518478394,74.40065586907522,74.56677287419637,74.72777977988834,63.55833333333334,74.2,56.5,310.8333333333333,4.529166666666667,74.45833333333333,75.34400177001953,76.0,72.01909394811764,True,True,0.16144114228818773
2021-07-13,0.353012483637882,69.23572730299027,69.51276268005371,69.94830483118693,70.02512865066528,69.71445953823272,69.16318959554036,69.30978969846453,69.27250584193638,69.26216051101684,69.2366792351859,69.15376971017747,70.3518040221835,70.5790096964155,71.2454003016154,71.37691688764663,70.48804556528728,70.02297912098112,70.22367532593864,70.3544046379271,70.4188795566559,70.5790096964155,70.54300867943536,71.76106620024122,71.94427746364047,72.66903003056845,72.65332208360945,71.9795184862046,71.33667516254243,71.49563254401798,71.90502360207694,71.94427746364047,71.90527159372965,71.87515308743431,72.76055415755226,73.01883361680167,74.25386894998097,74.42674337114607,72.89536656652177,72.17101767403739,72.32691022327967,72.81227828434535,72.97284794989086,73.01883361680167,72.9348648071289,73.74970488010891,73.96655791146415,75.2630528104873,75.40536049434117,73.79194032124111,73.23143759318761,73.42638894489832,73.85838884898595,73.83335237503053,73.91571421850294,74.00413720630465,63.09166666666667,75.2,57.1,323.4166666666667,5.875,71.70833333333333,74.28199768066406,74.0,71.39277377116626,False,False,0.164717422685654
2021-07-14,0.4063747751011367,69.26154018561046,69.37019056955972,69.50365052541098,69.56023939132692,68.9102834774199,69.13560991378057,69.10204901377361,69.29362779526484,69.21419021606445,69.24019961039225,69.76796001434326,70.3500224737894,70.67807284082686,70.6133757909139,70.82623941557749,69.98438773836409,69.86592451731364,70.01930007934571,70.34082841873169,70.45434822354997,70.59158146721977,70.8978492418925,71.80459836626811,71.98160972595215,71.9812569572812,72.07249075571696,71.41507194155739,71.20802489689419,71.43301739011493,71.90428622563681,71.9125144186474,71.94699993133545,72.0067526998974,72.68538643556927,73.03461125691732,73.29512261436099,73.5304039137704,72.32713618278504,72.17389971415201,72.44325811522347,72.7013384614672,72.837976871218,72.79501793725149,73.30019710177467,73.72372372982994,73.9124494298299,74.33011406308128,74.45402936935426,73.22924849646432,73.37053853988648,73.5204709325518,73.65837650299072,73.83884089333671,73.84873231887816,74.24123672576178,64.11666666666666,77.3,53.8,332.2083333333333,4.8,70.0,74.28199768066406,74.0,71.38296534856065,False,False,0.1653779789660156
2021-07-15,0.2966201688202784,69.62338142126035,69.88777931213379,69.90892948150635,69.8542100906372,69.67411922454835,69.43894737830529,69.70132897694906,69.36562039693197,69.50232485453287,69.60220732371013,69.6706983311971,70.7561177064211,71.00587406158448,70.903204758962,70.94825054804484,70.36212491989136,70.32998996881338,70.52892456054687,70.70367542902629,70.805224386851,71.00587406158448,71.0679978052775,71.95042099422879,72.09504356384276,72.29420032501221,72.25145098368327,71.49346656799315,71.39974994659424,71.76545085906983,72.00583349863689,72.01301383972168,72.09504356384276,72.09462254842123,73.1512531651391,73.4029078801473,73.35965038935342,73.61082592010499,72.42497034072876,72.31649398803711,73.07494449615479,73.211225827535,73.24099884033203,73.28884862263997,73.53664954503377,74.04562978320651,74.4411516571045,74.46363572438557,74.4085994720459,73.34120104471842,73.38319852193196,73.77625938415528,73.98477057139078,74.01214944203696,74.23931045532225,74.45183429718017,63.55,73.6,55.8,333.75,4.5625,71.0,76.10412719514635,76.0,71.73995666685758,True,True,0.16248292921334492
2021-07-16,0.325201199934836,69.66036727874999,69.98886587142945,69.61966962178548,69.43727055867512,69.13970021565756,69.05677996317546,69.42997873942056,69.527310920897,69.60569943110148,69.85717959086101,70.51918200629098,70.599786268151,70.98295361655099,70.54099906285605,70.56200091044109,70.02128349939983,69.93972425460815,70.07442439397177,70.46504155113584,70.81624937057495,70.82292531331382,71.2072052251725,71.91725685861375,72.21770025889079,72.04855016072591,72.02662874857585,71.61169974009195,71.39666538238527,71.59316183725994,71.92925114858718,72.03726791200184,71.99297333671933,72.40929345630465,73.2509916950786,73.57534990310668,73.60594984690348,73.63719298044842,72.77674929300944,72.58070020675659,72.94549986521403,73.2400816599528,73.45771662394206,73.37911719594683,73.86293074062893,74.14636216746436,74.52302308400472,74.48448471069335,74.4167898686727,73.67572149912516,73.6862021636963,73.92324418385823,73.99984987894695,74.23846989949544,74.26846162160237,74.84861097971597,63.825,73.3,54.8,330.9583333333333,4.2375,72.08333333333333,76.19000244140625,76.0,71.73517551593376,True,True,0.16036985594775974
2021-07-17,0.1793403799726649,70.0303222498818,70.45568363916306,70.1366003036499,69.52232007344564,69.09131502878098,69.79903845469157,69.99173321042741,70.45568363916306,69.87892637252807,69.71172088623047,70.32908445630756,71.67665909301667,72.00806780542646,71.06104996999105,70.80548688343593,70.598974609375,70.97943326405115,71.18125915527344,71.81898810068766,71.82713214102245,71.88874469257536,71.97963751611255,73.45004574609182,74.0703924724034,72.40465580622356,72.25812414714268,72.09551675433204,72.51144117627825,72.94857161385673,73.19265732538132,73.62209723336356,73.85064210891724,73.77635974884033,75.26012494866809,76.02576538494655,73.94366388093857,73.8955189069112,73.755653267815,74.06871779305595,74.38992557525634,74.9927598226638,75.6369823047093,75.85001398041135,75.93554758344378,76.56292663006555,77.8631649834769,74.74872947147915,74.72625683284942,74.64592056274414,75.07666287104288,75.59815096537272,76.12446664537703,76.91813862936837,77.19350003378732,77.5502752612886,65.29583333333333,78.2,52.7,330.1666666666667,3.779166666666667,74.75,74.28199768066406,74.0,73.2515895036921,False,False,0.12595823019712077
2021-07-18,0.1867843868487793,70.19923684877062,70.98134987785703,70.78871017456055,70.31949313027519,69.71913415908813,70.06704093933105,70.21867780594599,70.98134987785703,69.77936820983886,69.55216597239176,70.3260708436512,71.96202947525751,72.30573664392745,71.72906947135925,71.56496395383562,71.22264371599469,71.44763283048358,71.90977685792106,72.07749677612668,71.9749619279589,71.96392990748087,72.02224696023124,74.20765871358296,74.84874214444841,73.19407126108806,72.82154680433727,72.38958849225725,73.00979762758527,73.57533829552787,74.0400925272987,74.5212500890096,74.68100007375081,74.21771460487729,76.49465138741901,77.19556406566075,75.32807585398356,75.00513393538338,74.65862699917385,75.37208844366528,75.91212773323059,76.28538196427482,76.81381021227155,76.92104687917801,77.10109772000993,78.22813069479805,79.6091328893389,76.77346148627146,76.6867836679731,76.54255040032523,76.63471000671386,76.86666363307408,77.75601619811285,78.87952075685774,79.00711969284785,78.73272296269735,65.92916666666666,81.6,52.3,324.9583333333333,3.520833333333333,75.45833333333333,74.28199768066406,74.0,74.03958425313229,False,False,0.12462756372015975
2021-07-19,0.5285824881542844,69.90987759264688,70.03621843973795,70.49082850501651,70.71636071886334,70.00667004085722,69.65708096822102,69.86058874766032,69.84648774464925,69.98862983703614,69.87834490458171,70.23293439229329,71.24858419630262,71.53257128397624,71.99126638684955,71.92794941266378,70.91486414954775,70.78495288803464,70.96616486367725,71.28661759694418,71.33125155766805,71.35545441763742,71.6673791544778,72.37987484780568,72.84189325968424,73.3386955715361,73.509446144104,72.01858896982102,72.05225925899687,72.02558476584298,72.27804001399448,72.47846310479301,72.55788644154867,72.91378486724128,73.69027468268833,73.90895026070731,76.36626608485268,75.86222900663104,73.33734831582933,73.24797325134277,73.33884842055184,73.71754313650585,73.84132636388142,73.81271525564648,74.33599935259137,74.94830665308332,75.13600507463728,78.41672851017543,77.75276163646153,74.34417585100447,74.5245490955171,75.00072595051357,74.92403557187035,75.07772820336477,75.03286234174456,75.20483212970552,67.37083333333334,78.6,57.5,295.625,3.6458333333333335,73.04166666666667,75.73999786376953,76.0,72.24196137920161,True,True,
2021-07-20,0.3993234330133712,69.83016994158426,69.99710037231445,70.2640093866984,70.48696905136109,69.9105197906494,69.42130855560303,69.95104919433594,69.61040067036946,69.84746295928954,69.78896003723145,70.09541961669922,70.96582451396519,71.23250029881797,71.46537211736043,71.71294892628987,70.79420035680135,70.56382786432903,70.89604988098145,70.72970046997071,71.07545013427735,71.15922562281291,71.38632583618164,72.11890494028727,72.40895093282063,73.15550072987875,72.87485059102377,72.05094731648762,71.96059900919596,72.00756829579672,72.02869288126627,72.05473397572835,72.25655091603596,72.64565035502116,73.47069586912791,73.84281266530354,74.6713420232137,74.68749734787714,73.26096274058023,72.97854042053223,73.29544967015585,73.24700053532919,73.47567456563314,73.69132331212361,74.05580012003581,74.45953718291389,74.79974015553793,75.69530478795369,75.69831599553426,74.25301343282064,74.21020987192789,74.60968961079915,74.33905907948812,74.30360984802246,74.65385714213053,75.12425018310547,65.22500000000001,77.1,55.7,326.75,3.9416666666666655,73.16666666666667,75.73999786376953,76.0,72.00723681694681,True,True,0.1615024752783588
2021-07-21,0.4356400848991619,69.46666042026291,69.72980060577393,70.11361981709798,70.19056991577148,69.43211848758516,69.5477252960205,69.51832504272461,69.61636075337728,69.5112807337443,69.32150032043458,69.68850524902344,70.61369266884086,70.80282589594523,71.29654973347981,71.4302755355835,70.14401034173511,70.16367556254069,70.47634919484456,70.58554894129436,70.7556498527527,70.80282589594523,71.06819936888559,71.94669919770861,72.00390237172445,72.90589981079103,72.5432378133138,71.664799118042,71.6869909286499,71.91984405517579,72.00390237172445,71.96973520914713,71.98189926147461,72.18679955800374,73.07522334088918,73.42091199120323,74.41270437240601,74.40634374618531,72.47505289486476,72.77907517751058,72.77907514572144,72.9394705136617,73.05020017623902,73.25586023330689,73.75880136489869,74.19011506056175,74.32753946940105,75.39226974487305,75.22990005493165,73.56313009988693,73.93908702850342,74.31280991872153,74.1373699951172,74.15256370544434,74.28329044342041,74.56662473678588,65.03750000000001,79.3,51.3,333.375,4.120833333333334,69.875,74.19200134277344,74.0,71.80689661518609,False,False,0.16487131974335642
2021-07-22,0.4003803080894704,69.48388398435381,69.86498757771082,70.18064089729673,70.32829921722413,69.5829266048613,69.42127187910535,69.513098689488,69.209432665507,69.28161770956856,69.86498757771082,69.887557383946,70.54907421952201,70.92019996643066,71.27804767063685,71.4033345608484,70.22552256357102,70.1801529566447,70.42999977838426,70.4309752146403,70.59004104932148,70.92019996643066,71.00271573974973,71.80404776505061,71.99525445756458,72.60635070800781,72.44775297528221,71.43655383246285,71.48226048151652,71.70188322521392,71.75705969674247,71.92729124795822,71.98025383268083,72.04215206418719,72.89495433152668,73.2836855434236,73.9183224995931,73.99929450125921,72.31837632769628,72.5714484055837,72.61039921442668,72.83994537989298,72.94739780426025,73.11602671941122,73.41966505050658,73.88962247379241,74.14804988861084,75.0310775756836,74.75994379679362,73.1964156674116,73.80910984039306,73.96841329029628,73.68682382583617,73.71337397257487,74.12747018178304,74.43831831614176,64.33333333333333,77.5,52.6,336.0416666666667,4.754166666666666,71.625,74.19200134277344,74.0,71.62105721738027,False,False,0.16479399687846835
2021-07-23,0.3916684543948966,69.71623916512443,70.08208618164062,69.97482373373849,69.68977985563733,68.99882001876831,69.22660312652587,69.50968540736608,69.38957038606917,69.75415492375691,69.84874740600586,70.72571195874895,70.86530440061811,71.17030830383301,71.06610781805855,70.94326630092803,70.09274191629319,70.17575086866105,70.40791788782393,70.76002696582249,71.0273484979357,71.13060754594349,71.62959841319494,72.03973852566311,72.22965686888922,72.33923620042347,72.089245787121,71.25701066879998,71.60916336150396,71.7992114339556,71.99041842051915,72.1642772947039,72.22301435924712,72.53621388844081,73.39808630281026,73.76369483584449,73.66092516581217,73.62479046185811,72.14539922078451,72.72722078959147,73.07661820593336,73.25416766575404,73.66076034364247,73.75099973678589,73.88162615412757,74.15342760774824,74.3926096343994,74.57729010264079,74.4100995763143,73.15172094980876,73.8118189239502,74.03630027135213,74.0532498296102,74.30289490381877,74.3926096343994,74.75186075846354,64.48333333333333,78.8,50.9,326.1666666666667,4.2875000000000005,75.125,75.73999786376953,76.0,72.02135853972904,True,True,0.15978054310219425
2021-07-24,0.1482095853636805,70.47057442543998,70.96246327173142,70.75069329488845,70.29111071995327,69.9572769165039,70.08468960807437,70.2399391583034,70.78489770071846,70.17841549918766,70.22528533481416,70.87596446990966,71.9435373204095,72.13095664069766,71.76124884287518,71.38262861796788,71.29223368962606,71.27889224461147,71.70406256403243,72.02349638938904,72.0285866192409,72.07529766219004,72.05048666681563,73.89869843967377,74.63637515476772,72.83935785293579,72.58189932505289,72.48553684779576,72.65679433459327,73.10874407632011,73.72170761199224,74.2005605107262,74.39056151253837,74.04414279120309,75.5242339185306,76.3800046784537,74.02874336923871,74.0491645199912,73.99653131621224,74.05803275789533,74.6088478905814,75.39126863479615,75.91381742159527,76.10159390313285,76.1460441180638,76.84759568547446,78.11069576172602,75.03184355327062,74.90704981486002,74.90005438668388,75.01939189093453,75.65012880052839,76.46877570833479,77.36181536356608,77.65176651364281,77.77170224870954,65.24166666666666,76.4,55.3,318.0833333333333,3.45,76.25,75.86599731445312,76.0,73.82406840722005,True,True,0.11915754727356541
2021-07-25,0.1535546256519952,70.6554542809441,71.14429272787912,71.00485675902593,70.60870211465019,70.24251184463502,70.30823431015014,70.66497132982526,71.14429272787912,70.34292493547711,70.47846682593936,70.89086867832002,72.04271226856444,72.44267041342599,71.96630503336588,71.92700258890788,71.62740237372262,71.5844008763631,71.92823031970433,72.14049498467219,72.0595839364188,72.06792477199009,72.07075846762885,74.2182231596538,74.90232011250087,73.52053662708828,73.20131456738426,72.88976008551461,72.97128912607829,73.25342736925398,74.10840463638306,74.64087527138847,74.76396988914126,74.24331096013387,76.38749188090128,77.16569645064217,75.37349087851388,75.08845850399562,74.90121180670602,74.85838686625164,75.52540799549648,76.24076384816851,76.75547298703874,77.05118097577775,76.82237275441489,78.03979559777275,79.46497129712786,76.73286835988362,76.70535670961652,76.69742879867553,76.5820788192749,76.67737065723963,77.69461958567302,78.5151508331299,78.81863499051049,78.3855489730835,65.37916666666666,75.0,57.4,297.3333333333333,3.7291666666666665,76.5,75.78499984741211,74.0,74.27274669671074,False,True,0.11768660994037722
2021-07-26,0.3960637021206297,70.03360368433452,70.13926180521646,70.72983587265014,70.78603808448429,70.39888799031576,69.86858002980551,69.99398003896077,69.98480035146076,70.13926180521646,69.97342615854173,70.3348156483968,71.33464354409112,71.59917545318604,71.95305096308391,71.9599997656686,71.32148286274501,70.7710160550617,71.04809177489508,71.38536655108135,71.42872135752722,71.4961678732009,71.63730954896835,72.22801200435275,72.47886075973511,73.57089786983671,72.83171360833305,72.0612494604928,72.0142068862915,72.03583641052246,72.17147225879488,72.27763532911027,72.30920111338298,72.81721678234283,73.50313220175485,73.99842756816318,75.8046061810993,74.78331249100822,73.28542562212263,72.80812526657468,73.13366515295846,73.38264257340205,73.57413499695915,73.85317703882853,74.12778655915032,74.5871604425945,74.91183415821621,77.84308948516846,77.4893175125122,74.4436102594648,74.18459037144979,74.03268632888793,74.57351585933141,74.67255901609148,74.84732645488921,75.1632860156468,65.59166666666667,79.8,57.8,235.0,3.475,76.41666666666667,75.55687295065985,74.0,72.3129252118472,False,True,0.16553891358478884
2021-07-27,0.5193805372335187,69.86066826154315,70.07010693868001,70.40401875813802,70.79516005198161,70.37605603808449,69.71290932337443,69.92964431762695,69.73193287622361,69.85361449377876,69.73945170084636,70.15027164459228,71.13359803888532,71.37963053385417,71.57556150981358,71.87337814966837,71.34220409166247,70.66152502695718,70.9258145014445,71.02444976170858,71.37963053385417,71.33744614919027,71.64644009272259,72.38675037641373,72.87050113677978,73.18189175923666,72.88653469085693,72.1292320433117,72.02606093088787,72.01723443894159,72.174680074056,72.48853708902995,72.52539218720935,73.19105078379313,73.68757045836675,74.08588193257648,74.49389649345761,74.24515645844596,73.28673961957296,73.02349445479257,73.27617454528809,73.54877822512671,73.90584734507969,74.00550778706868,74.54645032882691,74.6080375165031,75.06136984507243,75.33233833767119,75.35200327464511,74.0580752554394,74.18730712164016,74.2936973953247,74.36220646812802,74.49506545293899,74.83550551369078,75.64310028076173,70.26666666666667,85.6,59.5,304.1666666666667,3.583333333333333,68.29166666666667,75.9020004272461,76.0,72.1897431422147,True,True,0.16543562551768393
2021-07-28,0.4430110095662311,70.01348537331536,70.12480175018311,70.64611934661866,71.00556454976399,70.06559005737306,69.92742514928182,69.93619964599608,70.00447631835937,69.98022434234619,70.01091513951619,70.41527374267578,71.33102574935036,71.59230715433756,71.96013364791871,72.0102863629659,71.11400032043457,70.76459524972098,70.91107962926228,71.40907516479493,71.59230715433756,71.48978500366212,71.59887488683064,72.53505754205916,72.9795939763387,73.45789947509766,73.37809988657634,72.16960735321044,72.03634064992269,72.05107765197755,72.39229977925618,72.69705727895101,72.71418418884278,73.12999941507975,73.84073914308397,74.14219919840494,74.99787534077961,74.72772623697917,73.34598016738892,73.35049966176351,73.49277594884236,73.76495043436685,73.99701073964437,74.14219919840494,74.43650042215982,74.81397549084255,75.33237650371734,75.72570189158122,75.71627265930175,73.98203196207682,74.54880680084229,74.32736044565837,74.56907380421957,74.90521949768066,75.11314988454183,75.49262404759725,67.17916666666666,79.2,56.1,277.0833333333333,3.1041666666666665,75.75,75.9739990234375,76.0,72.45361430538163,True,True,0.166154783894149
2021-07-29,0.5328125250809698,69.74291232949211,69.97688775380452,70.72030309041341,71.03001046498618,70.31574514389038,69.75418981007167,69.97688775380452,69.6121830676851,69.478699315389,69.398311252594,69.79023736227126,71.1455069594913,71.44313657624382,71.8554901123047,72.00843855539958,71.4095153990246,70.84924999872842,71.07274936040243,71.05504989624023,71.1725800037384,71.00377086003621,71.65730075836181,72.15463578549642,72.30370347613379,73.48490091959636,73.04840017954508,72.28278345380511,72.0075081507365,72.06249014536539,72.10949045817057,72.14739716847737,72.19632378078643,72.76698315938313,73.44837765674743,73.66337879725864,74.78217471440632,74.33985347747802,73.28501960890634,72.861349995931,73.30024995803832,73.32802769343058,73.58292579650879,73.66337879725864,74.08662846883138,74.26278521204752,74.52896072387696,75.50447692871093,75.0907692082723,74.04025708062308,73.77716726938883,74.21032997131348,74.2065202331543,74.34918452399117,74.47010022481282,74.8031004079183,68.44166666666668,79.4,60.7,265.4583333333333,3.1916666666666664,76.125,74.28199768066406,74.0,72.16872754501775,False,False,0.16555652076391225
2021-07-30,0.4533036862458017,69.79863025203584,70.04863435836066,70.67740366617838,71.16410525730677,70.08169987996419,69.71939910343715,69.82031436920165,69.65860668818156,69.50091506685528,69.91273705527895,70.87731610161917,71.01246783979356,71.26688647270203,71.96948471523466,71.90400899251301,71.29167442321777,70.56394891738891,70.80072517395018,70.94867897033691,71.02292861938477,71.26688647270203,71.78974959055583,72.07450476790231,72.25662354060582,73.26760487329392,72.97174962361653,72.02139650980632,71.8908498764038,71.99675701232184,72.00137278238932,72.02835348674229,72.25662354060582,72.75409643082392,73.24664982595141,73.58550138246446,74.49889961878459,74.3949009690966,73.08599097388131,72.54711626370748,72.89543792179653,73.10227063269842,73.4158262865884,73.43942514374142,73.960744648888,74.051760571722,74.35784069061279,75.29377857208252,75.02614897410075,73.77440041859944,73.63367039998371,73.73222169876098,73.87949277877807,74.04157255445209,74.27044998168945,74.57552262169975,66.97916666666667,77.3,58.3,294.2083333333333,3.654166666666667,78.45833333333333,74.28199768066406,74.0,72.04763512201329,False,False,0.16050711711075533
2021-07-31,0.1514326345923683,71.0713469008037,71.49556921550206,71.2538815053304,71.18816440218971,71.11978529521397,70.61716812678746,70.93922001248313,71.432766154153,70.77919960021973,70.72349643707275,71.35834981373378,72.55924097634352,72.78960977281844,72.01605462346757,72.00715722129458,71.98218244825091,71.92093705606985,72.32776855968294,72.67398800849915,72.61657009805951,72.62361058280581,72.66357561747233,74.48271637187045,75.19630370821272,73.19119997932798,73.2303171975272,73.04154297964914,73.04885193017813,73.692446127392,74.34181743349347,74.75236858640399,74.88033894130162,74.71919518425351,75.86112256806994,76.60235462642851,74.4589529355367,74.42310840742928,74.32646880831037,74.34022426605225,75.00056359200251,75.63882977621896,76.25898494039262,76.43853075163705,76.49911328724453,77.25698900957538,78.80093227113997,75.16946858723958,75.01314435958862,75.10513879776002,75.37601067050473,75.96642731621151,76.8709790093558,77.84015046528408,77.95036784580776,77.92812503814697,67.8875,76.7,61.9,297.375,4.233333333333333,76.91666666666667,76.33774884541829,76.0,74.35609277436373,True,True,0.11683195513917251
2021-08-01,0.1465259041566354,71.04223231421577,71.34382708231608,71.63822722117106,71.54201345443725,71.1783503123692,70.94518997192382,70.99844248453775,71.3285595703125,70.84903326670329,70.86544957478841,71.27333574930826,72.54496583068182,72.87937231063843,72.49770140874953,72.46752446492512,72.25654964447021,72.0458254132952,72.27639268920535,72.65877504348755,72.49311841328938,72.62299485206603,72.60245483262199,74.71227597622645,75.4235856464931,74.27042865753174,73.97953632899693,73.66871411459786,73.67546450297039,73.95188201268513,74.63002183096751,74.97836459023613,75.10740552629744,74.60465075174967,76.68139818547264,77.61635051454816,75.88571982156662,75.55851187024797,75.36802625656128,75.46240739822389,75.66060718808855,76.54598246301924,76.93205105463664,77.18385730470929,77.1103299685887,78.1323178970246,79.58296785354615,77.1961794726054,76.97146652766637,76.97439908981323,76.93441114425659,76.9587618119376,77.79204519271852,78.24267357417516,78.63231052671159,78.52369815826415,66.54583333333333,77.8,61.0,298.0833333333333,4.4750000000000005,72.875,76.27999877929688,76.0,74.67115050573197,True,True,0.11592188671677896
2021-08-02,0.4752904735463592,69.63465200742085,69.77574907302856,71.18468045552572,70.79645055135092,69.95414082845052,69.5862210782369,69.56853340148926,69.60067989349365,69.52204887390135,69.62999078114828,69.65868719736736,70.81627534608992,71.0031374908629,72.07947505315144,72.06071758270264,71.10462228230068,70.3785493850708,70.68150125231062,71.0031374908629,70.88044935862223,70.87587773005167,71.15127515792847,71.94145039830889,72.01390914916993,73.79203505743118,73.16516386667888,72.19142816180275,71.59887470517839,71.84178956803821,71.96540648142496,71.98859564463298,71.98600165049235,72.44466552734374,73.02668616866309,73.38188865525382,75.92120529583522,74.8067427044823,73.34948854446411,72.50142339070638,72.80509977340698,72.86883974075317,73.04390048980713,73.178600247701,73.66782776514688,73.83796141737984,74.30635068348477,77.86023369198753,77.39933945973713,74.45374703089396,73.68429562704904,73.79026320139567,73.57331435339792,73.53384264537267,73.83367326373147,74.5426627667745,64.9875,74.5,53.9,299.9166666666667,4.354166666666667,72.25,74.22799682617188,74.0,71.68964392989902,False,False,0.1647941325531556
2021-08-03,0.4378552838806974,69.49374428113302,69.66134020487468,69.98849007924397,69.89650986989339,69.52298072814942,69.30698026021322,69.45744321187337,69.5339909617106,69.51356608072916,69.38864004770915,69.73576917012532,70.60240531497531,70.82824958165486,71.24240064620972,71.27855084737142,70.43895301818847,70.02612504959106,70.21797644297283,70.66377131144205,70.71335067749023,70.76150099436443,70.8992171605428,71.84256315231323,72.00094070434571,72.9309502283732,72.57214984893798,71.74325052897134,71.2642999013265,71.56204929351807,71.85289967854817,71.96059964497883,71.94805800120035,72.20239995320638,72.82905204296112,73.2112992922465,74.27643921034677,74.01118551890056,72.49557514190673,72.13809509277344,72.57147464752197,72.79925009409587,72.96822582880657,72.99430023829142,73.46956656773885,73.72785582012601,74.11556732177735,75.01659262339274,75.05045346577961,73.4040246073405,73.32998018900554,73.8444675954183,73.57721429189047,73.58912024180094,74.00661290486653,74.15780003865561,63.87916666666666,77.6,51.1,319.9583333333333,3.295833333333333,75.70833333333333,74.22799682617188,74.0,71.50680132525882,False,False,0.1639452335516187
2021-08-04,0.3017832639418805,69.8404411793512,70.04633836837041,69.89728996276855,69.70784067789714,69.63677991412935,69.55837966918946,69.6936792755127,69.61112047831219,69.9967410214742,70.04633836837041,70.20730981191,70.96582634600382,71.38992570241292,71.03682479858398,71.02082516352334,70.61450373331706,70.2587744394938,70.51287469863891,70.75684572855631,71.17062549591064,71.31142139434814,71.44940083821615,72.12490212652419,72.41118676775977,72.45380058288575,72.32889493306479,71.63975060780844,71.63149897257486,71.81018505096435,72.08764940897623,72.19325122833251,72.3122699101766,72.39229939778647,73.23457937902874,73.67642322267804,73.58239943186442,73.47641490300497,72.37837021464394,72.57786010106403,72.92575810750326,73.26619936625163,73.21137456212725,73.52201302846272,73.80755008061726,74.05696226331922,74.62346783955893,74.27195158640544,74.11606749216716,73.25401621682303,73.30522996266683,73.74302333831787,73.95539311726888,74.0348202641805,74.35567967732749,74.91873615264893,63.34166666666667,75.4,52.9,311.9166666666667,3.733333333333333,76.91666666666667,76.154249297248,76.0,71.88302070300743,True,True,0.1628817436542329
2021-08-05,0.3350560826628941,69.83132254623231,69.98995668411254,70.2197304280599,69.53153032938638,69.49548627853393,69.39547929128011,69.72235960642497,69.81028699239096,69.82629961649577,69.8418798828125,70.03292559033349,70.95204853898002,71.27652400334676,71.41903003056844,71.12870955240157,70.32343737284343,70.25112870534261,70.59942128544762,70.81434745788573,71.1482754389445,71.2257500330607,71.29557456970215,72.1425927741187,72.40025075276694,72.60439980824789,72.27486060006278,71.79901049023583,71.76305103302002,71.94713096618652,72.11942945207868,72.25356534322103,72.23992164702642,72.40175050099691,73.4124121571344,73.69343508992877,73.93125518163046,73.8246932665507,72.62531174932207,72.8532946586609,73.27454465230306,73.24540857814607,73.51311064447675,73.61486926305862,73.90269270624432,74.21414527378386,74.6993511254447,74.65084966023763,74.64500036875407,73.81054992675782,73.81256042480469,74.1440467453003,74.0601481628418,74.15072844369071,74.33297102882749,74.87019563039144,63.86666666666667,73.9,54.1,322.0416666666667,4.191666666666666,74.08333333333333,76.15399932861328,76.0,71.94980066275774,True,True,0.157952471423344
2021-08-06,0.521061246466433,69.56210693881626,69.76575410842896,70.24742587952387,70.36867083140781,69.943222051348,69.60272009531656,69.5950209544954,69.42523954936436,69.61589803059896,69.36781991686141,70.50685374396188,70.8634396988248,71.00915069580077,71.44515593846639,71.50533781732831,70.77693491663251,70.42429938997542,70.63164324987503,70.82904188065302,71.00474975903828,70.96754395167034,71.52230926468259,71.98544083284953,72.05717475073678,72.76969884236654,72.54109927132015,71.976024945577,71.82634837286813,71.98735153107415,71.93273418063208,72.00636723382132,72.01069819132488,72.60086489177885,73.23067460646705,73.69160100391933,74.05278965405056,74.09021938187736,72.95336406571525,72.68125448681059,72.87593920117334,73.01550153550647,73.41486641338894,73.42763202758061,73.90299873579116,74.12430709899418,74.48504592350551,74.75155942281087,74.83474960327149,73.97475895200458,73.85099060058593,74.0632387860616,73.93917554946174,74.10262237548828,74.2258556220645,74.70633716038294,68.88333333333334,83.0,58.1,286.4166666666667,3.483333333333333,73.25,74.40349769592285,74.0,71.7892046628718,False,False,0.1618362346217302
2021-08-07,0.1732766346486028,70.27416164345212,71.10360777537028,71.1472671508789,70.67519034067789,70.11275081634521,70.17503244400025,70.28676138559977,71.10360777537028,69.75758439381917,69.56601181030274,70.03054995218912,71.98395197732108,72.45342556635539,71.94782984597342,71.8249292623429,71.63455275126866,71.51356244087219,71.88052647454398,72.01827007929484,71.97600342432659,71.95549233754477,72.0021333739871,74.02853204295748,74.90359986623127,73.13449923197427,72.84173306964692,72.54679039092291,72.72252498354231,73.03488757723854,73.98304996490478,74.29116078785488,74.43390693210421,74.3974671681722,75.54568777046507,76.38824064391,74.39383926618666,74.07744149480547,74.0977589743478,74.0845267363957,74.45661558423723,75.37840339796884,76.04186851637704,76.113776745115,76.14880858375913,76.81438938216557,78.20657939910889,75.0327104650225,75.01621214003791,74.92387635367257,75.03433982213339,75.47593656267439,76.48364060628981,77.32088323320662,77.53744759514218,77.62539046242124,65.46666666666667,78.4,53.4,289.0833333333333,3.4,79.41666666666667,74.51599884033203,74.0,73.64623955416589,False,False,0.11763037882711681
2021-08-08,0.1511341722959193,70.86691222349803,71.33804336547851,70.96463064829508,70.99274014790853,70.93384989420574,70.62084949493408,70.5169966506958,71.24837835947673,70.4878453954061,70.42577078501384,71.33307333628338,72.38815699418386,72.67890526453654,72.025362659636,72.01717456181845,72.0254770596822,71.96704177856446,72.05686785380045,72.29733740488689,72.46565081278483,72.43787984848022,72.60792496999105,74.6815644252868,75.50615062713624,73.86809564317976,73.7026252746582,73.52331712359474,73.51024975095476,73.75442859558832,74.63198223568145,74.92772991543725,75.08382564272199,74.93435001373291,76.63501362687066,77.48344497680665,75.59213876270113,75.36421397754123,75.26306432769412,75.22773444084893,75.74496618906657,76.38017880121868,77.0635511421022,77.29729216439384,77.23681317056928,78.32963840847924,79.80163564682007,76.75527499062675,76.67903987884522,76.59544710976738,76.48485032399495,76.61052564620971,77.97306491397676,78.98154043651763,79.4626895223345,78.7642694745745,67.37916666666666,79.1,58.9,290.125,3.6375,77.45833333333333,75.86049800448947,76.0,74.44840784860419,True,True,0.11520227931662923
2021-08-09,0.4980290823832499,70.11245997890593,70.25754346211751,71.06627006530762,71.25757993062336,70.49342156728108,69.98756172180175,70.14125086466471,69.92851978302001,70.1874332464309,70.07701960245768,70.33225772403534,71.50959330494442,71.74799600328717,72.16894963582357,72.29003613789877,71.53505039215088,71.08782498041788,71.35383621851602,71.29752232233682,71.74272505442302,71.74799600328717,71.87521098454793,72.69380793041653,73.0205000559489,74.09574324289957,73.75205014546712,72.38495031992593,72.122749265035,72.39165738423665,72.4916000366211,72.88263736906507,72.99708890460786,73.22915045420328,73.90336078802744,74.17746483484905,76.51385014851888,75.45496610005696,73.87937463124592,73.52352482477824,73.7896251042684,73.79330943425497,73.94889570871987,74.03554925918579,74.41242424647012,74.75878957271577,75.28681854248049,77.83764205932619,77.65043436686199,74.82260051727295,74.42918240865072,74.55308021545412,74.42162029266358,74.53254922231038,75.18440068562825,75.49353452046712,67.375,77.2,60.5,303.5,4.041666666666667,74.54166666666667,75.73999786376953,76.0,72.43280057726027,True,True,0.1631442428902567
2021-08-10,0.5179461633337409,69.70040949950142,70.00079029083253,70.66838064829508,70.83957256589618,70.27856833230882,69.54631868998209,69.71501335416522,69.73069835027059,69.46342373439244,69.64744879404704,69.93717314583915,70.93326806435509,71.12877537409464,71.95241443543208,72.00329667273022,71.27807287942795,70.59353652000426,70.79151014373417,70.86868989581154,71.1020424093519,70.97279634475709,71.37612368265788,72.01602237754398,72.10062262217204,73.70720049540202,73.35530052185058,72.29341781252907,71.85452934446789,71.9788716997419,71.99884462356567,72.02108383178711,72.0505847022647,72.47073870159332,73.2556064965233,73.59447434743245,74.96908572514852,74.86797447204589,73.33333645094008,72.53570143381755,72.9031025000981,73.22229810442244,73.42445011138916,73.4807752609253,73.93089447021484,74.09421888828278,74.39951067606609,75.81101106371199,75.83179902394613,74.26773993810019,73.41915838877361,73.98101895014446,73.82371941884358,74.30806093851726,74.23849881490071,74.58806945800782,67.82083333333334,82.0,56.4,296.2916666666667,3.3625000000000003,73.75,74.20999908447266,74.0,72.00487948220872,False,False,0.1661254636398479
2021-08-11,0.5478216902719988,69.71613480643622,69.9480044746399,70.34444428398497,70.96797079722086,70.03030403682163,69.76274236406599,69.70543975830078,69.55035982858567,69.78481175195603,69.65545230865479,70.00826621373494,70.93672231814217,71.08994087491716,71.71739807128907,71.94131396384466,70.95907246498834,70.69540995643251,70.73519669941494,70.90564902623494,70.99315478006997,70.92936183838617,71.32331191244579,71.9867992087016,72.03319864727202,73.27729988098145,73.32649974822999,71.96686819621495,71.89625180562336,71.94616672879174,71.98902579262142,72.02129445757186,72.00493723551432,72.32563594636463,73.14099237105204,73.42613697960263,74.48357734680175,74.4981598854065,72.72979984283447,72.80660158793131,72.79875597953797,73.08036040805635,73.13478987330483,73.26498529797509,73.65347781862532,74.03925972469268,74.18666550772531,75.39283049265543,75.31612974802654,73.8257834934053,73.90068199066889,74.08639980316161,73.91389932632447,73.92973555156163,74.16887454895746,74.61282561529251,66.875,77.0,56.9,293.4166666666667,3.575,75.54166666666667,74.20999908447266,74.0,71.80873548576864,False,False,0.1681064067525143
2021-08-12,0.4435015146744632,69.9936987864025,70.1718264389038,70.27565478824434,70.87366371154785,69.9964252281189,69.96804396765573,70.00182485580444,69.81138589859009,69.87293886184692,69.81253596623739,70.16971811385383,71.25330780517487,71.55931832222711,71.71813470749628,71.89097329548426,71.10062364850725,70.94797158014207,71.03288764272418,71.11745026906331,71.29311684880938,71.38049305507116,71.64671882901872,72.44460729909322,72.71847569147747,73.10987699145363,73.25825055440266,71.97420668829055,72.033145963578,72.1233512878418,72.35180977412632,72.63834190368652,72.63256163370042,72.96799756912958,73.70816736713289,73.98060592469716,74.29861122540065,74.35359648295811,72.81823675291879,73.13095932688032,73.4341073376792,73.69232343492054,73.78627640860421,73.86545527776082,74.17160604340688,74.54354106865232,75.0417608669826,75.13405544281005,75.22957849139259,73.83114545004707,74.25342656816755,74.32137478419713,74.32625049046108,74.4693565096174,74.76641652515957,75.01951940536499,68.0625,77.9,61.2,268.4583333333333,3.35,74.5,75.69799868265788,76.0,72.25287086362523,True,True,0.16252638417611437
2021-08-13,0.4310985381034495,69.90852209189582,70.10304834275018,70.41348668416342,70.99944431304931,69.97787031809489,69.95879009246826,69.92413032531738,69.5472610727946,69.95898768742879,69.80179962158203,70.75796463012696,71.17364539608123,71.46653138796489,71.84558147475833,71.96704928080241,70.98734331130981,70.74621499379475,71.06541604314532,70.9460536820548,71.46653138796489,71.43537508646648,71.72584892908732,72.32356858139947,72.52480436506727,73.3886536870684,73.27400078092302,72.11911194665092,72.04329617364067,72.06891776039487,72.21560122172039,72.52480436506727,72.5114902496338,72.78585791814895,73.62434320941804,73.84087324142456,74.50417197772434,74.50369955698649,73.24360269818987,73.1565496444702,73.61865302494596,73.4584985846565,73.76337575912476,73.84087324142456,74.03765284220378,74.45252099294511,74.60393701280867,75.43957099642073,75.26141920089722,74.06774041947865,74.46848636718025,74.4763860974993,74.31733123052688,74.4557823444548,74.60393701280867,74.74486960093179,66.97916666666667,78.2,57.0,265.75,3.608333333333333,74.625,75.66799926757812,76.0,72.13962436125944,True,True,0.15652923069476243
2021-08-14,0.1708307510712604,70.46404850702437,71.24722966512044,71.37757891337077,71.31236273447672,70.96045965194702,70.4707334391276,70.6409792654855,71.22230068206787,69.95071962992351,69.81424936930338,70.69941383361817,72.12164509920846,72.61993195215862,72.08030643463135,71.99507443110147,71.96874081293743,71.88051500320435,72.09869115012033,72.4364562034607,71.98675762812296,71.99284947713215,72.0492084503174,74.38668705660199,75.08810075124106,73.3407933643886,73.23049990336101,72.99896278381348,73.1195956548055,73.51716007505145,74.34454898834228,74.65129992167155,74.84465065002442,74.6201005299886,75.83933966916705,76.61194380578542,74.43240688187736,74.38313690821329,74.20654625665574,74.37422760327657,74.98584871065049,75.6532570021493,76.28124252955119,76.36527636845906,76.4546789487203,77.27541262255775,78.49534613745554,75.31807847340902,75.33300973256429,75.3837083235241,75.42289682388306,75.8415209197998,77.22834036690848,77.73687515258788,77.98673133850099,77.70218002319335,66.6875,76.9,56.6,274.7916666666667,3.4875000000000003,78.79166666666667,74.28199768066406,74.0,73.96789841183654,False,False,0.11738868953707743
2021-08-15,0.176216746063453,70.53204759764293,71.40746003468831,71.4515560277303,71.32775085449218,71.20928073883056,70.59561117808023,70.77188398996988,71.31649717240106,69.9732588005066,69.90429008483886,70.77174578621273,72.17522304606815,72.78525895845323,72.29071461359659,72.09648078282673,72.13099921544392,72.03208004633586,72.19702603476388,72.49300122942243,71.98196473121644,71.99379840124222,72.22127944401333,74.85016167769356,75.48160498936971,74.05009988149007,73.92589969635009,73.67375500996907,73.67795092264811,73.90399920145671,74.73827847526186,75.13457355499267,75.26435063680013,74.9331394468035,76.81554305553436,77.50607293446858,75.9222526550293,75.48651161193848,75.39784882863363,75.37073386510212,75.94455194473267,76.77304417292277,77.16057548522949,77.40418144861857,77.08992414474487,78.48216376766327,79.80260046641033,76.98608000437419,76.81606908162433,76.67327000935873,76.60843914031983,76.90523244222005,78.35930028279623,79.15619103749593,79.40963111877441,78.5137096532186,67.28333333333333,77.7,59.2,257.2083333333333,3.2916666666666665,79.375,74.28199768066406,74.0,74.46760179252541,False,False,0.1160286796949837
2021-08-16,0.6054665983628916,69.83932302755024,70.01779851913453,70.80040877024334,71.26574536732264,70.47113047281901,69.6925993092855,69.92217138290405,69.82051213854834,69.89311719621931,69.78372914541335,69.86489609309605,71.05148714970029,71.26070243744623,72.21849195616585,72.2546687602997,71.37335570880344,70.78480200086321,70.89165043830872,70.91270521708897,71.0920419897352,71.1643044267382,71.66275892938887,72.2051526069641,72.41851731709072,74.16484959920248,73.96249987284342,72.19408927645003,72.00114263807023,72.00943864186604,72.07910284768967,72.36174341837565,72.41851731709072,73.02199859619141,73.46438185790228,73.84230735869635,76.35924523671468,75.40673440297445,73.3613743464152,72.91752357482909,73.23424008914404,73.33712889807565,73.60593911579677,73.73829837299527,74.30000722748892,74.24166021770901,74.59113529841105,77.98114996592204,77.73085394541422,74.44133725393387,74.06955254872639,74.18706196648733,73.9116392889477,74.40781902313232,74.59113529841105,75.16516949971518,69.27499999999999,85.5,57.9,284.7916666666667,3.7083333333333335,70.83333333333333,74.56062576505873,76.0,72.04615558821057,True,False,0.16487032624478615
2021-08-17,0.5348970250775504,69.8016858952386,69.99256760733468,70.49587707519531,71.14309950329009,70.19522829055786,69.83651598521641,69.94885450090682,69.96393039703369,69.71045082728068,69.74568932215372,69.7905459749131,71.02925618054375,71.17477200598944,71.97369968550547,72.03567038944789,71.11445045471191,70.82208593913487,71.03986157462711,71.07382110186985,71.02115014394124,71.04625056811742,71.23910264287676,72.1552426429022,72.35269971120925,73.74120670046125,73.69189622061593,72.05012813749768,71.98764012654622,71.99945076079595,72.06971644901094,72.31855260758172,72.35269971120925,72.36091872169857,73.44046196237443,73.75935636247908,75.0697951543899,74.9724505106608,73.01372367995126,73.1438738822937,73.32120198976426,73.31775737717038,73.49141953105018,73.72501400538853,73.77978328296116,74.22945540087564,74.53748858043124,75.67611996968587,75.70524474825177,74.0506402460734,74.12692495073591,74.17917978286744,74.0017900466919,74.34350034713745,74.53748858043124,74.45763071605137,67.74583333333334,83.4,56.4,296.0416666666667,4.8375,66.625,74.5601252714793,76.0,71.95949807735435,True,False,0.16382765728579696
2021-08-18,0.3764628835151432,69.6536067508103,69.86417040325347,70.15078758239747,70.6254798189799,69.58843534742083,69.45671338490078,69.58965706144059,69.76830610911051,69.70961828867596,69.86417040325347,69.86636067708334,70.6620970330025,70.88687343597411,71.56744937896728,71.64912557601929,70.47995080947877,70.1135526588985,70.30716110411144,70.82451957520985,70.8840656257811,70.88687343597411,71.04730333600726,71.88738606973816,72.00740860530308,72.96960728509086,72.91995851425898,71.75251742771694,71.33605288550967,71.61665584927513,71.99050792512439,71.9886072522118,72.00740860530308,72.08670572553362,72.9007911019339,73.14398305756706,74.25530587605068,74.22946713765462,72.39754472460066,72.37408004488265,72.60322545596532,73.00137488501413,73.05764686720711,73.14398305756706,73.22723242214748,73.73599277390373,73.97859621047974,75.00432457242692,74.92724941798619,73.46508913040161,73.23921398162842,73.65151814052037,73.73062946592059,73.81381811323621,73.88355707441058,74.1263646534511,63.583333333333336,75.4,51.8,218.54166666666663,3.704166666666667,72.33333333333333,74.16562610202365,74.0,71.57908206393184,False,False,0.16183771678810377
2021-08-19,0.4003236616236604,69.63213200251262,69.8196791712443,70.35463948567708,70.5074686686198,69.98311948140463,69.31926502227782,69.64222930908203,69.78434085845947,69.63081199645995,69.70027913411458,69.91399987538657,70.65354562846441,70.86927426656088,71.61290467807225,71.51227340698242,70.64207881518773,70.15782987503778,70.43720840272448,70.64337141173228,70.83567460378012,70.86927426656088,71.17632582982381,71.88181206990802,71.99324649175009,72.63844979604085,72.59494915008545,71.78058870406377,71.43140042622883,71.60511040006364,71.96857753027054,71.98978544871012,71.98439547220866,72.01015434265136,72.77717018997858,73.01637430191039,73.83497212273734,73.70176537831625,72.45895920935132,72.14278679575239,72.42857457569667,72.8604499748775,72.95802847544353,73.01637430191039,73.22580076853434,73.6517122490444,73.91100126902262,74.52724800109864,74.54823401224046,73.38681955610002,73.26953597295852,73.41465175628663,73.5905270576477,73.707650197347,73.7520808283488,74.16343959808349,64.925,74.6,55.8,235.16666666666663,3.733333333333333,78.33333333333333,74.17400360107422,74.0,71.52223686153015,False,False,0.16152506280867246
2021-08-20,0.3125855281497707,69.86277774659415,69.9956902367728,70.25744856516519,70.73109682446434,69.99956013997395,69.72551965077719,69.70324974060058,69.92868400846208,69.94233488082885,69.80482971191405,70.48655485153198,70.84924261986264,71.05572560628255,71.46695067087809,71.5779188587552,70.89723934900192,70.43145821889242,70.49472506841023,70.91292378107707,70.98162048203605,70.96721463203431,71.44549580528623,72.04516732692719,72.225500084105,72.59660046895345,72.52040087382,71.81779898688907,71.62475058237712,71.75346024377006,72.02825043996175,72.17523028509959,72.20554911295574,72.24860026041667,73.22191845821956,73.49882317951747,73.57385743459065,73.63085117340088,72.61329176993597,72.67415835062663,72.75534200668335,73.43230333782378,73.42450942311967,73.49882317951747,73.61322007860456,74.08992428310334,74.39125855309624,74.44732935587565,74.52747392018637,73.56639748891195,73.59689355305262,73.75897438049316,74.10221795127505,74.21825596854801,74.35725705464682,74.49009281067622,65.30833333333334,72.4,59.7,206.08333333333331,3.25,80.41666666666667,76.13600158691406,76.0,71.84126758299992,True,True,0.15598343889929625
2021-08-21,0.1394129383727599,70.44799155182308,70.85138032913208,70.98342166900635,70.63102982838949,70.05715874354044,70.08319983164469,70.18072792689006,70.70263964970906,70.25077345711844,70.11923334757486,70.55718454360962,71.89705910133937,72.03514092309135,71.6639960606893,71.7394244761694,71.38825869787307,71.44594454311189,71.63434932118369,72.01350320180256,71.9807653427124,72.01481277374994,71.94409723735991,73.43767853426554,73.97698582240514,72.69954384395055,72.52861541112264,72.14911156154814,72.49602520352317,72.83281768163044,73.41994825998941,73.64273247945877,73.81490052541096,73.27116127922422,74.96004334252979,75.65354188283285,73.83245853015354,73.74184983571371,73.52239980697632,73.71882553100586,74.20510288647243,74.80094405128841,75.31913011414665,75.48528468495323,75.3147013936724,75.95712108173068,76.71655843734742,74.68003857839676,74.76636762346541,74.6051475388663,74.8697168649946,75.09892930984496,75.81010848999023,76.32433374404908,76.43731611705962,76.15886542638142,65.66250000000001,75.3,59.6,271.2083333333333,7.170833333333333,71.29166666666667,76.22599792480469,76.0,73.22117655737851,True,True,0.11766654962641786
2021-08-22,0.1354178888176682,70.10096521914951,70.56715213775635,70.76443238939557,70.33435970306397,69.97523025512695,69.9197301228841,69.95288007100423,70.41645509084066,69.68535525004069,69.69162780761718,70.44952143260412,71.657091303288,71.97413637524559,71.74967235156468,71.65941559246609,71.31559908049448,71.18014974594116,71.14619710104807,71.90531811714172,71.53445717947824,71.69669898351033,71.96277394521803,73.32223420143127,74.07766753605435,72.73355989456176,72.67823219299316,72.4205552736918,72.29207499821982,72.29523496627807,73.21539390654792,73.54438554672967,73.85336390449888,73.54748242696127,75.18965102434159,75.94914591880072,74.73432267506918,74.67440628778367,74.4536206018357,74.24527380579994,74.26077944210599,75.02200932502747,75.40009018353052,75.690890900294,75.7087878227234,76.62904149925897,77.85405538558959,75.88167002178373,75.91986036936441,75.79567537035261,75.4249287223816,75.44991072246006,76.36900851749239,77.04589579445977,77.39711737859817,76.77056095123291,64.42916666666666,74.2,56.2,262.7083333333333,4.25,72.29166666666667,74.6240005493164,74.0,73.25105598939244,False,False,0.11866200353432628
2021-08-23,0.3804013942483425,69.63016710720365,69.76033874511718,70.28361522674561,70.35178958892823,69.98868604660035,69.39369951066516,69.66477387292045,69.76033874511718,69.50836994171142,69.69620857238769,69.80540169034686,70.75085115338129,70.95042498906453,71.46577111652918,71.46077420825051,70.8319849218641,70.28334848313105,70.41187173979623,70.77531533695402,70.79941789309184,70.92330266634625,71.0434253056844,71.95409067698887,72.01810181935627,72.66692733764648,72.50850641159784,71.92084571293421,71.66586024874732,71.8525036312285,71.9898067292713,71.9978106180827,72.01810181935627,72.17205781482515,72.96518022730237,73.2681492805481,74.82126657849267,74.69613238970439,73.06148794037956,72.52842502593994,72.73842449188233,72.98652528127035,72.99562883377075,73.2681492805481,73.26346757298424,74.1637259335745,74.51518442153932,76.49475171407065,76.40499273935954,74.18280952453614,73.54774524143764,73.90883399963379,74.09660026550293,74.13663316090901,74.46125465393067,74.68718470255534,64.77916666666667,76.6,55.2,274.5,4.025,74.45833333333333,74.552001953125,74.0,71.70238125341254,False,False,0.16281814850087717
2021-08-24,0.3363942654316997,69.75330086397746,69.84289844331286,70.21841300964356,70.49624131520589,69.96380859011695,69.58501997629801,69.66101322174072,69.75995410555885,69.73166403452555,69.77003015518189,69.7289221572876,70.7245016909781,70.99839256150382,71.2306991259257,71.4389635403951,70.79279451597304,70.2608745098114,70.2604840255919,70.62732713563102,70.99839256150382,70.91873233658927,70.91037436894008,71.93478428409213,72.04721096583775,72.42782605489094,72.28745009104411,71.76464587620328,71.65129896799723,71.68024889628093,71.97913493201847,71.99833772295997,72.02361392520723,72.12731474921817,73.06232940166716,73.39053383554732,73.82577584584554,73.93670024871825,72.65753157933554,72.53494952519735,72.72552483876547,72.94950473649162,73.24827604293824,73.3684727441697,73.42545791353498,74.09437578004504,74.42910958607992,74.768595606486,74.96674209594727,73.93337853113809,73.64138726824807,73.85949174336025,74.0416885739281,74.0400446673802,74.39776441301618,74.5785196685791,64.60416666666667,73.2,58.9,266.625,4.229166666666667,73.91666666666667,75.86599731445312,76.0,71.69703597898722,True,True,0.160467209869764
2021-08-25,0.3251661631524219,69.59918906151303,69.71793664296467,69.99919568924676,70.34241357349214,69.81470118113926,69.36992056528727,69.5621300125122,69.61718029022217,69.55333784739176,69.55898073832194,69.42493750254313,70.50322350225751,70.78834452402025,71.01459836959839,71.26056812831334,70.53972409566244,70.0450249671936,70.10613494373504,70.43014518874033,70.68748037474495,70.67262659072875,70.88785661061605,71.8655896773414,72.00725237528482,72.28834940592449,72.13980788276308,71.67214959462484,71.47578614552816,71.47250016530356,71.93917935689291,71.94845193227133,71.93654238382976,72.03447202046712,72.94684266798079,73.33924961090088,73.5320746421814,73.74762595494589,72.6088518483298,72.3417497952779,72.51097437994821,72.86597289357866,73.08432054519653,73.18564920425415,73.37809969584148,73.97815711997804,74.30635799407959,74.68147546223233,74.74791168485369,73.83351478485834,73.52118868509929,73.703030611674,73.87732549031574,73.9516438293457,74.24284964243571,74.47446042378743,64.125,71.5,57.4,270.375,4.3375,74.83333333333333,75.86599731445312,76.0,71.56249378497328,True,True,0.16233875734401895
2021-08-26,0.4422658973703928,69.38327771580408,69.67746044158935,69.73777910868327,69.08032986958821,69.22199814206078,68.90927085876464,69.28348964691162,69.53929996490479,69.3587292989095,69.32342941284179,69.82118300120035,70.47185145143479,70.77741521199545,70.70642728805541,70.48565015792848,70.10959904988607,69.910999584198,70.07397527694702,70.39122546513875,70.71131513459342,70.59365091323853,70.93311608632406,71.67705345380874,71.9578992207845,71.98809185028077,71.83039964040121,71.38441791080294,70.86814918518067,71.22861938476564,71.68880043029785,71.9558001836141,71.90555127461752,72.12915236155192,72.60985277834392,73.12493940989177,73.3977447055635,73.36342830657958,72.23811650276184,71.9527514775594,72.14332613490876,72.57161067326864,72.79298849105835,72.85697863896688,73.44757095972697,73.53794605709258,74.05449315388998,74.40779884338379,74.20969126383463,73.42291531880697,72.72258782704671,73.63080080668132,73.38123502912975,73.52160566965739,73.77713008880616,74.4243322735741,65.4875,82.9,50.0,281.1666666666667,3.0041666666666664,73.58333333333333,74.2276218732198,74.0,71.36901607673427,False,False,0.16816555181019008
2021-08-27,0.5878676603350659,69.46232819481502,69.70946044921874,70.26092010498047,70.12112049102784,69.45640974680583,69.21207558314005,69.53738044738769,69.4406414486113,69.51379835764567,69.70946044921874,70.52867878505162,70.65358872678546,70.9753254890442,71.45982484817506,71.35264975229899,70.23920116424561,70.18168266160149,70.29391728809901,70.67073399225872,70.64495102564494,70.96577987670898,71.60200030463082,71.92024734852806,72.19472768874397,72.64310061136882,72.30046984354655,71.22083696637836,71.23364629291353,71.68099918365479,71.86061480840047,72.03741913750059,72.18210769834974,72.88054938543411,73.00073578225242,73.63317429224651,73.73686221440633,73.55760386784873,72.00627954346793,72.08413563909984,72.52949953079224,72.77525164286294,73.27382030032929,73.46494954427084,74.0399109363556,73.88180593172709,74.31812004089355,74.48777212778728,74.43182022094726,73.21778025309246,73.14845091501871,73.82202593485513,73.71074127197267,73.90768304189046,74.14880021413167,74.65191486994426,72.31666666666666,94.0,52.6,273.7916666666667,3.6875,61.66666666666666,74.2219975789388,74.0,71.64930432472025,False,False,0.16620659342220592
2021-08-28,0.1679229509337597,71.05159467424666,71.76199989318849,71.80370649610246,71.59145065307617,71.1881848335266,71.07456123987834,71.26030616760254,71.13962004343668,70.42848857879639,70.38893957138062,71.733607006073,72.75303077338233,73.23178589911689,72.5474991162618,72.22539710998535,71.99434002013433,71.99953150749207,72.39039374533154,73.14536346708024,72.78709537642342,72.77519253322058,73.12553234100342,75.15416989477853,76.23955376942952,73.66083921704973,73.61839993794759,73.33346625736782,73.5827304976327,74.01232122239611,74.75874274117606,75.6767007191976,75.96349983215333,76.03159910837809,76.53318880172003,77.99578561101642,74.70843915939331,74.55016447703044,74.25440374154311,74.59385013580322,75.15588283538818,76.07989743550618,77.05718679655166,77.23822163854327,77.62367356164114,78.55014578039685,80.11583309173585,75.29414660317558,75.24360024770101,75.08317705056606,75.43690905888874,76.33965674809048,78.36646984100341,79.50574921925863,79.95405928657169,79.24265129634313,73.42083333333333,95.8,55.2,266.0833333333333,3.408333333333333,59.41666666666666,76.22599792480469,76.0,74.7716907102084,True,True,0.12044691035689582
2021-08-29,0.1624562488954536,71.37505892912547,71.84278875986735,72.02833995819091,71.99828481129238,71.99972788946968,71.64155136108398,71.77754070917766,71.6259494527181,70.71517753601074,70.63564882278442,71.7349081311907,73.06045389156493,73.58075404167175,73.18854757944743,73.15893228394644,72.72064959208171,72.76317672729492,72.96972341310409,73.2773756980896,72.99660784857613,72.96322496959141,72.98616249220711,75.9586435567765,76.72684993743897,75.4795902115958,75.15082150413876,74.67758448918661,74.79738947096325,74.91360829217093,75.80965329578945,76.34105542500814,76.55435002644857,76.09430058797201,77.66955346209663,78.45242332049779,76.97198101679484,76.61607402165731,76.24524710973104,76.29650494257609,76.90690640267871,77.43101934024266,78.04456491470337,78.25579942067463,77.97709735234578,79.54802442777725,81.10425444920858,78.10303815841675,77.63803995768228,77.19100996653239,77.08126187642415,77.39270843142555,79.45785994030182,80.3267152404785,80.50695653915406,79.67143531799317,67.325,84.1,55.1,257.6666666666667,3.0875,75.45833333333333,76.22599792480469,76.0,75.48804719195876,True,True,0.11908970189524394
2021-08-30,0.5979309854538191,69.82489018705157,69.981229540507,71.72037158693587,71.96267793655396,71.08572694233486,69.82475397109985,69.85885983784993,69.87679579416911,69.77556596755981,69.79317093349638,69.94383600870768,71.1749236918631,71.36862468719482,72.8773790654682,72.89005018415904,72.09798306283497,71.14388256072999,71.12898930140904,71.08889884948731,71.1428150177002,71.21197589692616,71.59325068791708,72.27328983223627,72.34528562909081,75.15091763450985,74.96407150995164,73.03321525028774,72.16787759235928,72.22646420342582,72.31294950303577,72.33967945462182,72.34528562909081,73.09063395091465,73.82568881927975,74.08585115387328,77.37618958609445,76.61423168863568,74.23395186832973,73.55503478504363,73.73075049264091,73.6840664886293,73.76731208392553,74.05441057568504,74.46314174788338,74.59992980132027,74.79587991714477,78.8409801610311,78.46312103271484,75.19401758738927,74.60580410457793,74.41987310137068,74.50198552903674,74.51614925384521,74.79587991714477,75.14161541802542,66.60000000000001,78.0,56.4,266.2083333333333,2.8125,78.16666666666667,74.30387756559584,74.0,72.15797477687293,False,False,0.16960072924450453
